role,experiment,feature_set,n_candidate_features,scope,comparison,classifier,accuracy_mean,accuracy_std,n_units
experiment,e2a_plv_only,plv,126,inter,rest1_vs_type1,KFDA,0.7066666666666667,0.12834415538785637,5
experiment,e2b_bp_plv,bp_plv,168,inter,rest1_vs_type1,KFDA,0.6866666666666666,0.12660086009888627,5
experiment,e2c_coh_plv,coh_plv,252,inter,rest1_vs_type1,KFDA,0.6633333333333333,0.04149966532662913,5
experiment,e2d_asym_plv,asym_plv,144,inter,rest1_vs_type1,KFDA,0.6733333333333333,0.08628119403696519,5
experiment,e3_all_extensions,baseline_asym_plv,312,inter,rest1_vs_type1,KFDA,0.62,0.06810938913900849,5
reference,e2_full_baseline_plv,baseline_plv,294,inter,rest1_vs_type1,KFDA,0.6666666666666666,0.06346477588219923,5
reference,poster_baseline,baseline,168,inter,rest1_vs_type1,KFDA,0.5333333333333334,0.04859126579037753,5
experiment,e2a_plv_only,plv,126,inter,rest1_vs_type1,LDA,0.6666666666666666,0.11606990230986766,5
experiment,e2b_bp_plv,bp_plv,168,inter,rest1_vs_type1,LDA,0.64,0.09902300518341967,5
experiment,e2c_coh_plv,coh_plv,252,inter,rest1_vs_type1,LDA,0.6833333333333333,0.05651941652604391,5
experiment,e2d_asym_plv,asym_plv,144,inter,rest1_vs_type1,LDA,0.7033333333333334,0.07207249436813218,5
experiment,e3_all_extensions,baseline_asym_plv,312,inter,rest1_vs_type1,LDA,0.6466666666666667,0.07763876465901412,5
reference,e2_full_baseline_plv,baseline_plv,294,inter,rest1_vs_type1,LDA,0.6866666666666668,0.08692269873603534,5
reference,poster_baseline,baseline,168,inter,rest1_vs_type1,LDA,0.5233333333333333,0.05602578771323873,5
experiment,e2a_plv_only,plv,126,inter,rest1_vs_type1,RBF-SVM,0.6900000000000001,0.12560962454277844,5
experiment,e2b_bp_plv,bp_plv,168,inter,rest1_vs_type1,RBF-SVM,0.65,0.10929064207169999,5
experiment,e2c_coh_plv,coh_plv,252,inter,rest1_vs_type1,RBF-SVM,0.6466666666666667,0.036132472314464634,5
experiment,e2d_asym_plv,asym_plv,144,inter,rest1_vs_type1,RBF-SVM,0.6799999999999999,0.11017662587358938,5
experiment,e3_all_extensions,baseline_asym_plv,312,inter,rest1_vs_type1,RBF-SVM,0.61,0.06411794687223782,5
reference,e2_full_baseline_plv,baseline_plv,294,inter,rest1_vs_type1,RBF-SVM,0.6599999999999999,0.053489355119603996,5
reference,poster_baseline,baseline,168,inter,rest1_vs_type1,RBF-SVM,0.5333333333333333,0.057735026918962554,5
experiment,e2a_plv_only,plv,126,inter,rest2_vs_type2,KFDA,0.53,0.0776387646590141,5
experiment,e2b_bp_plv,bp_plv,168,inter,rest2_vs_type2,KFDA,0.51,0.0886629071884692,5
experiment,e2c_coh_plv,coh_plv,252,inter,rest2_vs_type2,KFDA,0.44666666666666666,0.1578501399006877,5
experiment,e2d_asym_plv,asym_plv,144,inter,rest2_vs_type2,KFDA,0.5166666666666667,0.061237243569579436,5
experiment,e3_all_extensions,baseline_asym_plv,312,inter,rest2_vs_type2,KFDA,0.49000000000000005,0.056025787713238705,5
reference,e2_full_baseline_plv,baseline_plv,294,inter,rest2_vs_type2,KFDA,0.49333333333333335,0.056025787713238705,5
reference,poster_baseline,baseline,168,inter,rest2_vs_type2,KFDA,0.49000000000000005,0.08465616732800199,5
experiment,e2a_plv_only,plv,126,inter,rest2_vs_type2,LDA,0.5700000000000001,0.11983785341498362,5
experiment,e2b_bp_plv,bp_plv,168,inter,rest2_vs_type2,LDA,0.5433333333333333,0.1346806923389128,5
experiment,e2c_coh_plv,coh_plv,252,inter,rest2_vs_type2,LDA,0.53,0.021730674684008848,5
experiment,e2d_asym_plv,asym_plv,144,inter,rest2_vs_type2,LDA,0.5566666666666666,0.12167808165629317,5
experiment,e3_all_extensions,baseline_asym_plv,312,inter,rest2_vs_type2,LDA,0.53,0.041499665326629104,5
reference,e2_full_baseline_plv,baseline_plv,294,inter,rest2_vs_type2,LDA,0.5266666666666666,0.04346134936801764,5
reference,poster_baseline,baseline,168,inter,rest2_vs_type2,LDA,0.5266666666666666,0.05348935511960406,5
experiment,e2a_plv_only,plv,126,inter,rest2_vs_type2,RBF-SVM,0.5566666666666666,0.08547254269972059,5
experiment,e2b_bp_plv,bp_plv,168,inter,rest2_vs_type2,RBF-SVM,0.53,0.1063275860515772,5
experiment,e2c_coh_plv,coh_plv,252,inter,rest2_vs_type2,RBF-SVM,0.48,0.16724898272402802,5
experiment,e2d_asym_plv,asym_plv,144,inter,rest2_vs_type2,RBF-SVM,0.5399999999999999,0.07691987172809549,5
experiment,e3_all_extensions,baseline_asym_plv,312,inter,rest2_vs_type2,RBF-SVM,0.5133333333333334,0.027386127875258334,5
reference,e2_full_baseline_plv,baseline_plv,294,inter,rest2_vs_type2,RBF-SVM,0.5166666666666667,0.026352313834736553,5
reference,poster_baseline,baseline,168,inter,rest2_vs_type2,RBF-SVM,0.5166666666666667,0.03726779962499651,5
experiment,e2a_plv_only,plv,126,intra,rest1_vs_type1,KFDA,0.8166666666666667,0.09128709291752769,5
experiment,e2b_bp_plv,bp_plv,168,intra,rest1_vs_type1,KFDA,0.8366666666666667,0.0794075283304773,5
experiment,e2c_coh_plv,coh_plv,252,intra,rest1_vs_type1,KFDA,0.8333333333333333,0.10540925533894599,5
experiment,e2d_asym_plv,asym_plv,144,intra,rest1_vs_type1,KFDA,0.8466666666666667,0.07207249436813216,5
experiment,e3_all_extensions,baseline_asym_plv,312,intra,rest1_vs_type1,KFDA,0.8566666666666667,0.08787617550976042,5
reference,e2_full_baseline_plv,baseline_plv,294,intra,rest1_vs_type1,KFDA,0.8466666666666667,0.0923459678479671,5
reference,poster_baseline,baseline,168,intra,rest1_vs_type1,KFDA,0.8233333333333335,0.11340683890802668,5
experiment,e2a_plv_only,plv,126,intra,rest1_vs_type1,LDA,0.8099999999999999,0.09617692030835671,5
experiment,e2b_bp_plv,bp_plv,168,intra,rest1_vs_type1,LDA,0.8433333333333334,0.09021579068482906,5
experiment,e2c_coh_plv,coh_plv,252,intra,rest1_vs_type1,LDA,0.8300000000000001,0.10697871023920803,5
experiment,e2d_asym_plv,asym_plv,144,intra,rest1_vs_type1,LDA,0.85,0.09128709291752768,5
experiment,e3_all_extensions,baseline_asym_plv,312,intra,rest1_vs_type1,LDA,0.86,0.09902300518341962,5
reference,e2_full_baseline_plv,baseline_plv,294,intra,rest1_vs_type1,LDA,0.8233333333333333,0.109671225842414,5
reference,poster_baseline,baseline,168,intra,rest1_vs_type1,LDA,0.8033333333333333,0.12326574724733731,5
experiment,e2a_plv_only,plv,126,intra,rest1_vs_type1,RBF-SVM,0.8099999999999999,0.10314498964510531,5
experiment,e2b_bp_plv,bp_plv,168,intra,rest1_vs_type1,RBF-SVM,0.8233333333333335,0.08628119403696524,5
experiment,e2c_coh_plv,coh_plv,252,intra,rest1_vs_type1,RBF-SVM,0.8133333333333332,0.12438738771363524,5
experiment,e2d_asym_plv,asym_plv,144,intra,rest1_vs_type1,RBF-SVM,0.8366666666666667,0.09082951062292473,5
experiment,e3_all_extensions,baseline_asym_plv,312,intra,rest1_vs_type1,RBF-SVM,0.8800000000000001,0.0776387646590141,5
reference,e2_full_baseline_plv,baseline_plv,294,intra,rest1_vs_type1,RBF-SVM,0.8366666666666667,0.10233387622005836,5
reference,poster_baseline,baseline,168,intra,rest1_vs_type1,RBF-SVM,0.8166666666666667,0.1359125535858341,5
experiment,e2a_plv_only,plv,126,intra,rest2_vs_type2,KFDA,0.6933333333333334,0.1521147227880618,5
experiment,e2b_bp_plv,bp_plv,168,intra,rest2_vs_type2,KFDA,0.7033333333333334,0.1591644851508443,5
experiment,e2c_coh_plv,coh_plv,252,intra,rest2_vs_type2,KFDA,0.71,0.09021579068482906,5
experiment,e2d_asym_plv,asym_plv,144,intra,rest2_vs_type2,KFDA,0.7166666666666666,0.16201851746019644,5
experiment,e3_all_extensions,baseline_asym_plv,312,intra,rest2_vs_type2,KFDA,0.7133333333333334,0.1309155792443698,5
reference,e2_full_baseline_plv,baseline_plv,294,intra,rest2_vs_type2,KFDA,0.6833333333333333,0.14337208778404376,5
reference,poster_baseline,baseline,168,intra,rest2_vs_type2,KFDA,0.7166666666666667,0.135400640077266,5
experiment,e2a_plv_only,plv,126,intra,rest2_vs_type2,LDA,0.7,0.14907119849998596,5
experiment,e2b_bp_plv,bp_plv,168,intra,rest2_vs_type2,LDA,0.6933333333333334,0.17661949055651932,5
experiment,e2c_coh_plv,coh_plv,252,intra,rest2_vs_type2,LDA,0.7066666666666667,0.10580380165402584,5
experiment,e2d_asym_plv,asym_plv,144,intra,rest2_vs_type2,LDA,0.7299999999999999,0.13560563737871995,5
experiment,e3_all_extensions,baseline_asym_plv,312,intra,rest2_vs_type2,LDA,0.7033333333333334,0.1749603129601428,5
reference,e2_full_baseline_plv,baseline_plv,294,intra,rest2_vs_type2,LDA,0.6866666666666668,0.17849680980653718,5
reference,poster_baseline,baseline,168,intra,rest2_vs_type2,LDA,0.71,0.12224747213928171,5
experiment,e2a_plv_only,plv,126,intra,rest2_vs_type2,RBF-SVM,0.7033333333333334,0.16090024514862894,5
experiment,e2b_bp_plv,bp_plv,168,intra,rest2_vs_type2,RBF-SVM,0.7,0.1732050807568877,5
experiment,e2c_coh_plv,coh_plv,252,intra,rest2_vs_type2,RBF-SVM,0.7066666666666667,0.0917423929634859,5
experiment,e2d_asym_plv,asym_plv,144,intra,rest2_vs_type2,RBF-SVM,0.72,0.15872757934412163,5
experiment,e3_all_extensions,baseline_asym_plv,312,intra,rest2_vs_type2,RBF-SVM,0.7033333333333334,0.15156590059186206,5
reference,e2_full_baseline_plv,baseline_plv,294,intra,rest2_vs_type2,RBF-SVM,0.6933333333333334,0.15211472278806182,5
reference,poster_baseline,baseline,168,intra,rest2_vs_type2,RBF-SVM,0.7133333333333334,0.1371333495381614,5
